{"v":"5.5.2","fr":29.9700012207031,"ip":0,"op":52.0000021180034,"w":1920,"h":1080,"nm":"processing","ddd":0,"assets":[],"fonts":{"list":[{"fName":"Impact","fFamily":"Impact","fStyle":"Regular","ascent":80.0985107421875}]},"layers":[{"ddd":0,"ind":1,"ty":4,"nm":"2nd rect","sr":1,"ks":{"o":{"a":0,"k":100,"ix":11},"r":{"a":0,"k":0,"ix":10},"p":{"a":0,"k":[960,540,0],"ix":2},"a":{"a":0,"k":[0,0,0],"ix":1},"s":{"a":0,"k":[100,100,100],"ix":6}},"ao":0,"shapes":[{"ty":"gr","it":[{"ty":"rc","d":1,"s":{"a":0,"k":[121.629,182.156],"ix":2},"p":{"a":0,"k":[0,0],"ix":3},"r":{"a":0,"k":0,"ix":4},"nm":"Rectangle Path 1","mn":"ADBE Vector Shape - Rect","hd":false},{"ty":"st","c":{"a":0,"k":[1,1,1,1],"ix":3},"o":{"a":0,"k":100,"ix":4},"w":{"a":0,"k":2,"ix":5},"lc":1,"lj":1,"ml":4,"bm":0,"nm":"Stroke 1","mn":"ADBE Vector Graphic - Stroke","hd":false},{"ty":"fl","c":{"a":0,"k":[0.00406298181,0.007741135079,0.021936275065,1],"ix":4},"o":{"a":0,"k":100,"ix":5},"r":1,"bm":0,"nm":"Fill 1","mn":"ADBE Vector Graphic - Fill","hd":false},{"ty":"tr","p":{"a":1,"k":[{"i":{"x":0.833,"y":0.833},"o":{"x":0.167,"y":0.167},"t":0,"s":[-794.186,-37.922],"to":[30,0],"ti":[-73.333,0]},{"i":{"x":0.833,"y":0.833},"o":{"x":0.167,"y":0.167},"t":6,"s":[-614.186,-37.922],"to":[73.333,0],"ti":[-106.667,0]},{"i":{"x":0.833,"y":0.833},"o":{"x":0.167,"y":0.167},"t":13,"s":[-354.186,-37.922],"to":[106.667,0],"ti":[-123.333,-11.667]},{"i":{"x":0.833,"y":0.833},"o":{"x":0.167,"y":0.167},"t":22,"s":[25.814,-37.922],"to":[123.333,11.667],"ti":[-128.333,-11.667]},{"i":{"x":0.833,"y":0.833},"o":{"x":0.167,"y":0.167},"t":37,"s":[385.814,32.078],"to":[128.333,11.667],"ti":[-68.333,0]},{"t":43.0000017514259,"s":[795.814,32.078]}],"ix":2},"a":{"a":0,"k":[0,0],"ix":1},"s":{"a":0,"k":[100,100],"ix":3},"r":{"a":0,"k":0,"ix":6},"o":{"a":0,"k":100,"ix":7},"sk":{"a":0,"k":0,"ix":4},"sa":{"a":0,"k":0,"ix":5},"nm":"Transform"}],"nm":"Rectangle 1","np":3,"cix":2,"bm":0,"ix":1,"mn":"ADBE Vector Group","hd":false}],"ip":0,"op":900.000036657751,"st":0,"bm":0},{"ddd":0,"ind":2,"ty":5,"nm":"Processing...","sr":1,"ks":{"o":{"a":0,"k":100,"ix":11},"r":{"a":0,"k":0,"ix":10},"p":{"a":0,"k":[582,864,0],"ix":2},"a":{"a":0,"k":[0,0,0],"ix":1},"s":{"a":1,"k":[{"i":{"x":[0.833,0.833,0.833],"y":[0.833,0.833,0.833]},"o":{"x":[0.167,0.167,0.167],"y":[0.167,0.167,0.167]},"t":8,"s":[100,100,100]},{"i":{"x":[0.833,0.833,0.833],"y":[0.833,0.833,0.833]},"o":{"x":[0.167,0.167,0.167],"y":[0.167,0.167,0.167]},"t":27,"s":[350,350,100]},{"t":44.0000017921567,"s":[210,210,100]}],"ix":6}},"ao":0,"t":{"d":{"k":[{"s":{"s":48,"f":"Impact","t":"PROCESSING...","j":0,"tr":0,"lh":57.6,"ls":0,"fc":[0.797,0.011,0.011]},"t":0}]},"p":{},"m":{"g":1,"a":{"a":0,"k":[0,0],"ix":2}},"a":[]},"ip":0,"op":900.000036657751,"st":0,"bm":0},{"ddd":0,"ind":3,"ty":4,"nm":"moving box","sr":1,"ks":{"o":{"a":0,"k":100,"ix":11},"r":{"a":0,"k":0,"ix":10},"p":{"a":1,"k":[{"i":{"x":0.833,"y":0.833},"o":{"x":0.167,"y":0.167},"t":-1,"s":[960,540,0],"to":[0,0,0],"ti":[0,0,0]},{"i":{"x":0.833,"y":0.833},"o":{"x":0.167,"y":0.167},"t":0,"s":[960,540,0],"to":[43,0,0],"ti":[-131.5,4,0]},{"i":{"x":0.833,"y":0.833},"o":{"x":0.167,"y":0.167},"t":8,"s":[1218,540,0],"to":[131.5,-4,0],"ti":[-146,3.5,0]},{"i":{"x":0.833,"y":0.833},"o":{"x":0.167,"y":0.167},"t":18,"s":[1749,516,0],"to":[146,-3.5,0],"ti":[-166,-1,0]},{"i":{"x":0.833,"y":0.833},"o":{"x":0.167,"y":0.167},"t":29,"s":[2094,519,0],"to":[166,1,0],"ti":[-20.777,-0.676,0]},{"t":50.0000020365418,"s":[2745,522,0]}],"ix":2},"a":{"a":0,"k":[0,0,0],"ix":1},"s":{"a":0,"k":[100,100,100],"ix":6}},"ao":0,"shapes":[{"ty":"gr","it":[{"ty":"rc","d":1,"s":{"a":0,"k":[145.793,186.07],"ix":2},"p":{"a":0,"k":[0,0],"ix":3},"r":{"a":0,"k":0,"ix":4},"nm":"Rectangle Path 1","mn":"ADBE Vector Shape - Rect","hd":false},{"ty":"st","c":{"a":0,"k":[1,1,1,1],"ix":3},"o":{"a":0,"k":100,"ix":4},"w":{"a":0,"k":2,"ix":5},"lc":1,"lj":1,"ml":4,"bm":0,"nm":"Stroke 1","mn":"ADBE Vector Graphic - Stroke","hd":false},{"ty":"fl","c":{"a":0,"k":[0.02193627451,0.004062981699,0.004062981699,1],"ix":4},"o":{"a":0,"k":100,"ix":5},"r":1,"bm":0,"nm":"Fill 1","mn":"ADBE Vector Graphic - Fill","hd":false},{"ty":"tr","p":{"a":0,"k":[-890.689,14.25],"ix":2},"a":{"a":0,"k":[0,0],"ix":1},"s":{"a":0,"k":[100,100],"ix":3},"r":{"a":0,"k":0,"ix":6},"o":{"a":0,"k":100,"ix":7},"sk":{"a":0,"k":0,"ix":4},"sa":{"a":0,"k":0,"ix":5},"nm":"Transform"}],"nm":"Rectangle 1","np":3,"cix":2,"bm":0,"ix":1,"mn":"ADBE Vector Group","hd":false}],"ip":0,"op":900.000036657751,"st":0,"bm":0}],"markers":[],"chars":[{"ch":"P","size":48,"style":"Regular","w":50.2,"data":{"shapes":[{"ty":"gr","it":[{"ind":0,"ty":"sh","ix":1,"ks":{"a":0,"k":{"i":[[0,0],[0,0],[0,0],[0,0],[-2.783,1.237],[-1.042,2.312],[0,5.046],[0,0],[0.537,2.361],[1.514,1.66],[3.011,0.879],[5.598,0],[0,0]],"o":[[0,0],[0,0],[0,0],[4.492,0],[2.783,-1.237],[1.041,-2.311],[0,0],[0,-4.948],[-0.537,-2.36],[-1.514,-1.66],[-3.011,-0.879],[0,0],[0,0]],"v":[[4.102,0],[24.658,0],[24.658,-31.836],[30.176,-31.836],[41.089,-33.691],[46.826,-39.014],[48.389,-50.049],[48.389,-56.934],[47.583,-67.896],[44.507,-73.926],[37.72,-77.734],[24.805,-79.053],[4.102,-79.053]],"c":true},"ix":2},"nm":"P","mn":"ADBE Vector Shape - Group","hd":false},{"ind":1,"ty":"sh","ix":2,"ks":{"a":0,"k":{"i":[[-0.847,-0.813],[0,-2.702],[0,0],[0.732,-0.928],[1.888,0],[0.586,0.033],[0,0]],"o":[[0.846,0.814],[0,0],[0,2.93],[-0.732,0.928],[-0.423,0],[0,0],[2.669,0]],"v":[[29.932,-64.307],[31.201,-59.033],[31.201,-52.539],[30.103,-46.753],[26.172,-45.361],[24.658,-45.41],[24.658,-65.527]],"c":true},"ix":2},"nm":"P","mn":"ADBE Vector Shape - Group","hd":false}],"nm":"P","np":5,"cix":2,"bm":0,"ix":1,"mn":"ADBE Vector Group","hd":false}]},"fFamily":"Impact"},{"ch":"R","size":48,"style":"Regular","w":53.86,"data":{"shapes":[{"ty":"gr","it":[{"ind":0,"ty":"sh","ix":1,"ks":{"a":0,"k":{"i":[[0,0],[0,0],[0,0],[-0.668,-1.009],[0,-4.231],[0,0],[0,0],[0,0],[0.342,1.416],[1.399,1.693],[4.069,1.009],[-1.53,2.116],[0,6.152],[2.164,3.076],[3.434,0.749],[9.7,0],[0,0]],"o":[[0,0],[0,0],[2.832,0],[0.667,1.009],[0,0],[0,0],[0,0],[0,-6.38],[-0.342,-1.416],[-1.4,-1.692],[4.492,-0.423],[1.53,-2.116],[0,-6.738],[-2.165,-3.076],[-3.435,-0.748],[0,0],[0,0]],"v":[[4.102,0],[24.658,0],[24.658,-35.645],[29.907,-34.131],[30.908,-26.27],[30.908,0],[50,0],[50,-20.85],[49.487,-32.544],[46.875,-37.207],[38.672,-41.26],[47.705,-45.068],[50,-57.471],[46.753,-72.192],[38.354,-77.93],[18.652,-79.053],[4.102,-79.053]],"c":true},"ix":2},"nm":"R","mn":"ADBE Vector Shape - Group","hd":false},{"ind":1,"ty":"sh","ix":2,"ks":{"a":0,"k":{"i":[[-0.896,-0.781],[0,-2.506],[0,0],[0.928,-0.635],[2.311,0],[0,0]],"o":[[0.895,0.781],[0,0],[0,3.484],[-0.928,0.635],[0,0],[2.376,0]],"v":[[29.565,-64.355],[30.908,-59.424],[30.908,-55.078],[29.517,-48.901],[24.658,-47.949],[24.658,-65.527]],"c":true},"ix":2},"nm":"R","mn":"ADBE Vector Shape - Group","hd":false}],"nm":"R","np":5,"cix":2,"bm":0,"ix":1,"mn":"ADBE Vector Group","hd":false}]},"fFamily":"Impact"},{"ch":"O","size":48,"style":"Regular","w":54.64,"data":{"shapes":[{"ty":"gr","it":[{"ind":0,"ty":"sh","ix":1,"ks":{"a":0,"k":{"i":[[0,0],[0.391,3.255],[2.051,2.767],[3.369,1.384],[4.231,0],[3.352,-1.465],[1.969,-2.734],[0.374,-3.304],[0,-7.942],[0,0],[-0.391,-3.255],[-2.051,-2.766],[-3.369,-1.383],[-4.232,0],[-3.353,1.465],[-1.97,2.734],[-0.375,3.304],[0,7.943]],"o":[[0,-8.138],[-0.391,-3.255],[-2.051,-2.766],[-3.369,-1.383],[-4.46,0],[-3.353,1.465],[-1.97,2.734],[-0.375,3.304],[0,0],[0,8.138],[0.391,3.255],[2.051,2.767],[3.369,1.383],[4.459,0],[3.352,-1.465],[1.969,-2.734],[0.374,-3.304],[0,0]],"v":[[51.074,-46.289],[50.488,-63.379],[46.826,-72.412],[38.696,-78.638],[27.295,-80.713],[15.576,-78.516],[7.593,-72.217],[4.077,-63.159],[3.516,-46.289],[3.516,-32.764],[4.102,-15.674],[7.764,-6.641],[15.894,-0.415],[27.295,1.66],[39.014,-0.537],[46.997,-6.836],[50.513,-15.894],[51.074,-32.764]],"c":true},"ix":2},"nm":"O","mn":"ADBE Vector Shape - Group","hd":false},{"ind":1,"ty":"sh","ix":2,"ks":{"a":0,"k":{"i":[[0,0],[0.391,-1.237],[1.399,0],[0.374,1.074],[0,4.59],[0,0],[-0.57,0.83],[-1.074,0],[-0.407,-1.025],[0,-3.678]],"o":[[0,4.655],[-0.391,1.237],[-1.367,0],[-0.375,-1.074],[0,0],[0,-4.069],[0.569,-0.83],[1.27,0],[0.407,1.025],[0,0]],"v":[[30.518,-22.412],[29.932,-13.574],[27.246,-11.719],[24.634,-13.33],[24.072,-21.826],[24.072,-58.74],[24.927,-66.089],[27.393,-67.334],[29.907,-65.796],[30.518,-58.74]],"c":true},"ix":2},"nm":"O","mn":"ADBE Vector Shape - Group","hd":false}],"nm":"O","np":5,"cix":2,"bm":0,"ix":1,"mn":"ADBE Vector Group","hd":false}]},"fFamily":"Impact"},{"ch":"C","size":48,"style":"Regular","w":55.37,"data":{"shapes":[{"ty":"gr","it":[{"ind":0,"ty":"sh","ix":1,"ks":{"a":0,"k":{"i":[[0,0],[1.237,3.494],[3.938,2.341],[6.055,0],[3.434,-1.514],[1.936,-2.637],[0.391,-2.848],[0,-5.696],[0,0],[-1.27,-3.857],[-3.906,-2.18],[-6.023,0],[-3.955,2.575],[-1.156,3.423],[0,8.183],[0,0],[0,0],[0,0],[0.471,-1.175],[1.53,0],[0.455,1.172],[0,3.841],[0,0],[-0.456,1.205],[-1.693,0],[-0.439,-0.99],[0,-3.995],[0,0],[0,0]],"o":[[0,-7.379],[-1.237,-3.494],[-3.939,-2.341],[-4.46,0],[-3.435,1.514],[-1.937,2.637],[-0.391,2.849],[0,0],[0,7.748],[1.27,3.857],[3.906,2.18],[5.794,0],[3.955,-2.576],[1.155,-3.423],[0,0],[0,0],[0,0],[0,4.34],[-0.472,1.175],[-1.595,0],[-0.456,-1.172],[0,0],[0,-4.004],[0.455,-1.204],[1.497,0],[0.439,0.991],[0,0],[0,0],[0,0]],"v":[[52.1,-52.139],[50.244,-68.449],[42.48,-77.202],[27.49,-80.713],[15.649,-78.442],[7.593,-72.217],[4.102,-63.989],[3.516,-51.172],[3.516,-28.076],[5.42,-10.669],[13.184,-1.611],[28.076,1.66],[42.7,-2.203],[50.366,-11.201],[52.1,-28.609],[52.1,-31.689],[31.543,-31.689],[31.543,-21.753],[30.835,-13.48],[27.832,-11.719],[24.756,-13.477],[24.072,-20.996],[24.072,-57.715],[24.756,-65.527],[27.979,-67.334],[30.884,-65.848],[31.543,-58.369],[31.543,-44.629],[52.1,-44.629]],"c":true},"ix":2},"nm":"C","mn":"ADBE Vector Shape - Group","hd":false}],"nm":"C","np":3,"cix":2,"bm":0,"ix":1,"mn":"ADBE Vector Group","hd":false}]},"fFamily":"Impact"},{"ch":"E","size":48,"style":"Regular","w":41.55,"data":{"shapes":[{"ty":"gr","it":[{"ind":0,"ty":"sh","ix":1,"ks":{"a":0,"k":{"i":[[0,0],[0,0],[0,0],[0,0],[0,0],[0,0],[0,0],[0,0],[0,0],[0,0],[0,0],[0,0]],"o":[[0,0],[0,0],[0,0],[0,0],[0,0],[0,0],[0,0],[0,0],[0,0],[0,0],[0,0],[0,0]],"v":[[4.102,0],[39.746,0],[39.746,-15.82],[24.658,-15.82],[24.658,-33.203],[37.5,-33.203],[37.5,-48.242],[24.658,-48.242],[24.658,-63.232],[38.379,-63.232],[38.379,-79.053],[4.102,-79.053]],"c":true},"ix":2},"nm":"E","mn":"ADBE Vector Shape - Group","hd":false}],"nm":"E","np":3,"cix":2,"bm":0,"ix":1,"mn":"ADBE Vector Group","hd":false}]},"fFamily":"Impact"},{"ch":"S","size":48,"style":"Regular","w":51.71,"data":{"shapes":[{"ty":"gr","it":[{"ind":0,"ty":"sh","ix":1,"ks":{"a":0,"k":{"i":[[0,0],[1.221,2.621],[3.76,1.726],[5.338,0],[3.45,-1.579],[1.546,-2.799],[0,-6.055],[-1.091,-2.702],[-1.66,-1.53],[-5.111,-3.385],[-1.302,-1.432],[0,-4.655],[0.667,-1.074],[1.367,0],[0.537,0.847],[0,2.962],[0,0],[0,0],[0,0],[-1.205,-3.223],[-3.89,-2.083],[-5.502,0],[-3.777,1.807],[-1.318,2.67],[0,5.632],[2.376,3.484],[9.151,5.431],[0.681,1.336],[0,2.638],[-0.635,1.01],[-1.237,0],[-0.488,-0.748],[0,-2.734],[0,0],[0,0]],"o":[[0,-6.282],[-1.221,-2.62],[-3.76,-1.725],[-4.883,0],[-3.451,1.579],[-1.546,2.8],[0,4.199],[1.09,2.702],[1.66,1.53],[5.11,3.353],[1.27,1.433],[0,2.116],[-0.668,1.074],[-1.367,0],[-0.537,-0.846],[0,0],[0,0],[0,0],[0,5.925],[1.204,3.223],[3.889,2.083],[5.013,0],[3.776,-1.807],[1.318,-2.669],[0,-7.747],[-2.377,-3.483],[-3.191,-1.886],[-0.714,-1.335],[0,-2.052],[0.635,-1.01],[1.139,0],[0.488,0.749],[0,0],[0,0],[0,0]],"v":[[47.656,-58.252],[45.825,-71.606],[38.354,-78.125],[24.707,-80.713],[12.207,-78.345],[4.712,-71.777],[2.393,-58.496],[4.028,-48.145],[8.154,-41.797],[18.311,-34.424],[27.93,-27.246],[29.834,-18.115],[28.833,-13.33],[25.781,-11.719],[22.925,-12.988],[22.119,-18.701],[22.119,-28.32],[3.027,-28.32],[3.027,-23.145],[4.834,-9.424],[12.476,-1.465],[26.562,1.66],[39.746,-1.05],[47.388,-7.764],[49.365,-20.215],[45.801,-37.061],[28.51,-50.432],[22.701,-55.265],[21.631,-61.226],[22.583,-65.819],[25.391,-67.334],[27.832,-66.211],[28.564,-60.986],[28.564,-55.127],[47.656,-55.127]],"c":true},"ix":2},"nm":"S","mn":"ADBE Vector Shape - Group","hd":false}],"nm":"S","np":3,"cix":2,"bm":0,"ix":1,"mn":"ADBE Vector Group","hd":false}]},"fFamily":"Impact"},{"ch":"I","size":48,"style":"Regular","w":28.81,"data":{"shapes":[{"ty":"gr","it":[{"ind":0,"ty":"sh","ix":1,"ks":{"a":0,"k":{"i":[[0,0],[0,0],[0,0],[0,0]],"o":[[0,0],[0,0],[0,0],[0,0]],"v":[[4.102,-79.053],[4.102,0],[24.658,0],[24.658,-79.053]],"c":true},"ix":2},"nm":"I","mn":"ADBE Vector Shape - Group","hd":false}],"nm":"I","np":3,"cix":2,"bm":0,"ix":1,"mn":"ADBE Vector Group","hd":false}]},"fFamily":"Impact"},{"ch":"N","size":48,"style":"Regular","w":54.15,"data":{"shapes":[{"ty":"gr","it":[{"ind":0,"ty":"sh","ix":1,"ks":{"a":0,"k":{"i":[[0,0],[0,0],[0,0],[0,0],[0,0],[0,0],[0,0],[0,0],[0,0],[0,0]],"o":[[0,0],[0,0],[0,0],[0,0],[0,0],[0,0],[0,0],[0,0],[0,0],[0,0]],"v":[[32.812,-79.053],[32.812,-43.457],[21.289,-79.053],[4.102,-79.053],[4.102,0],[21.289,0],[21.289,-35.938],[31.982,0],[50,0],[50,-79.053]],"c":true},"ix":2},"nm":"N","mn":"ADBE Vector Shape - Group","hd":false}],"nm":"N","np":3,"cix":2,"bm":0,"ix":1,"mn":"ADBE Vector Group","hd":false}]},"fFamily":"Impact"},{"ch":"G","size":48,"style":"Regular","w":55.13,"data":{"shapes":[{"ty":"gr","it":[{"ind":0,"ty":"sh","ix":1,"ks":{"a":0,"k":{"i":[[0,0],[1.204,3.402],[3.971,2.474],[6.022,0],[3.857,-2.848],[0.813,-3.418],[0,-7.552],[0,0],[-0.391,-2.718],[-1.564,-2.473],[-3.014,-1.676],[-3.454,0],[-2.134,1.221],[-1.401,2.441],[0,0],[0,0],[0,0],[0,0],[0,0],[0,0],[0,0],[0.537,-1.27],[1.497,0],[0.455,1.123],[0,3.548],[0,0],[-0.456,0.977],[-1.27,0],[-0.391,-1.139],[0,-4.524],[0,0],[0,0]],"o":[[0,-6.477],[-1.205,-3.401],[-3.972,-2.473],[-6.12,0],[-3.857,2.849],[-0.814,3.418],[0,0],[0,5.437],[0.391,2.718],[1.564,2.474],[3.013,1.676],[2.899,0],[2.133,-1.221],[0,0],[0,0],[0,0],[0,0],[0,0],[0,0],[0,0],[0,3.679],[-0.537,1.27],[-1.367,0],[-0.456,-1.123],[0,0],[0,-4.036],[0.455,-0.977],[1.465,0],[0.391,1.14],[0,0],[0,0],[0,0]],"v":[[51.27,-53.369],[49.463,-68.188],[41.699,-77.002],[26.709,-80.713],[11.743,-76.44],[4.736,-67.041],[3.516,-50.586],[3.516,-27.1],[4.102,-14.868],[7.034,-7.08],[13.899,-0.854],[23.599,1.66],[31.149,-0.171],[36.45,-5.664],[38.351,0],[51.27,0],[51.27,-42.432],[27.197,-42.432],[27.197,-30.42],[31.348,-30.42],[31.348,-21.045],[30.542,-13.623],[27.49,-11.719],[24.756,-13.403],[24.072,-20.41],[24.072,-58.35],[24.756,-65.869],[27.344,-67.334],[30.127,-65.625],[30.713,-57.129],[30.713,-49.951],[51.27,-49.951]],"c":true},"ix":2},"nm":"G","mn":"ADBE Vector Shape - Group","hd":false}],"nm":"G","np":3,"cix":2,"bm":0,"ix":1,"mn":"ADBE Vector Group","hd":false}]},"fFamily":"Impact"},{"ch":".","size":48,"style":"Regular","w":18.46,"data":{"shapes":[{"ty":"gr","it":[{"ind":0,"ty":"sh","ix":1,"ks":{"a":0,"k":{"i":[[0,0],[0,0],[0,0],[0,0]],"o":[[0,0],[0,0],[0,0],[0,0]],"v":[[1.758,-16.113],[1.758,0],[16.65,0],[16.65,-16.113]],"c":true},"ix":2},"nm":".","mn":"ADBE Vector Shape - Group","hd":false}],"nm":".","np":3,"cix":2,"bm":0,"ix":1,"mn":"ADBE Vector Group","hd":false}]},"fFamily":"Impact"}]}